Eje Cafetero - Antioquia,5,Antioquia,5.001,Medellin
Eje Cafetero - Antioquia,5,Antioquia,5.002,Abejorral
Eje Cafetero - Antioquia,5,Antioquia,5.004,Abriaqui
Eje Cafetero - Antioquia,5,Antioquia,5.021,Alejandria
Eje Cafetero - Antioquia,5,Antioquia,5.03,Amaga
Eje Cafetero - Antioquia,5,Antioquia,5.031,Amalfi
Eje Cafetero - Antioquia,5,Antioquia,5.034,Andes
Eje Cafetero - Antioquia,5,Antioquia,5.036,Angelopolis
Eje Cafetero - Antioquia,5,Antioquia,5.038,Angostura
Eje Cafetero - Antioquia,5,Antioquia,5.04,Anori
Centro Oriente,15,Boyaca,15.832,Tunungua
Eje Cafetero - Antioquia,5,Antioquia,5.044,Anza
Eje Cafetero - Antioquia,5,Antioquia,5.045,Apartado
Eje Cafetero - Antioquia,5,Antioquia,5.051,Arboletes
Eje Cafetero - Antioquia,5,Antioquia,5.055,Argelia
Eje Cafetero - Antioquia,5,Antioquia,5.059,Armenia
Eje Cafetero - Antioquia,5,Antioquia,5.079,Barbosa
Eje Cafetero - Antioquia,5,Antioquia,5.088,Bello
Eje Cafetero - Antioquia,5,Antioquia,5.091,Betania
Eje Cafetero - Antioquia,5,Antioquia,5.093,Betulia
Eje Cafetero - Antioquia,5,Antioquia,5.101,Ciudad Bolivar
Eje Cafetero - Antioquia,5,Antioquia,5.107,Briceño
Eje Cafetero - Antioquia,5,Antioquia,5.113,Buritica
Eje Cafetero - Antioquia,5,Antioquia,5.12,Caceres
Eje Cafetero - Antioquia,5,Antioquia,5.125,Caicedo
Eje Cafetero - Antioquia,5,Antioquia,5.129,Caldas
Eje Cafetero - Antioquia,5,Antioquia,5.134,Campamento
Eje Cafetero - Antioquia,5,Antioquia,5.138,Cañasgordas
Eje Cafetero - Antioquia,5,Antioquia,5.142,Caracoli
Eje Cafetero - Antioquia,5,Antioquia,5.145,Caramanta
Eje Cafetero - Antioquia,5,Antioquia,5.147,Carepa
Centro Oriente,15,Boyaca,15.476,Motavita
Eje Cafetero - Antioquia,5,Antioquia,5.15,Carolina
Eje Cafetero - Antioquia,5,Antioquia,5.154,Caucasia
Eje Cafetero - Antioquia,5,Antioquia,5.172,Chigorodo
Eje Cafetero - Antioquia,5,Antioquia,5.19,Cisneros
Eje Cafetero - Antioquia,5,Antioquia,5.197,Cocorna
Eje Cafetero - Antioquia,5,Antioquia,5.206,Concepcion
Eje Cafetero - Antioquia,5,Antioquia,5.209,Concordia
Eje Cafetero - Antioquia,5,Antioquia,5.212,Copacabana
Eje Cafetero - Antioquia,5,Antioquia,5.234,Dabeiba
Eje Cafetero - Antioquia,5,Antioquia,5.237,Don Matias
Eje Cafetero - Antioquia,5,Antioquia,5.24,Ebejico
Eje Cafetero - Antioquia,5,Antioquia,5.25,El Bagre
Eje Cafetero - Antioquia,5,Antioquia,5.264,Entrerrios
Eje Cafetero - Antioquia,5,Antioquia,5.266,Envigado
Eje Cafetero - Antioquia,5,Antioquia,5.282,Fredonia
Caribe,23,Cordoba,23.675,San Bernardo del Viento
Eje Cafetero - Antioquia,5,Antioquia,5.306,Giraldo
Eje Cafetero - Antioquia,5,Antioquia,5.308,Girardota
Eje Cafetero - Antioquia,5,Antioquia,5.31,Gomez Plata
Pacifico,27,Choco,27.361,Istmina
Eje Cafetero - Antioquia,5,Antioquia,5.315,Guadalupe
Eje Cafetero - Antioquia,5,Antioquia,5.318,Guarne
Eje Cafetero - Antioquia,5,Antioquia,5.321,Guatape
Eje Cafetero - Antioquia,5,Antioquia,5.347,Heliconia
Eje Cafetero - Antioquia,5,Antioquia,5.353,Hispania
Eje Cafetero - Antioquia,5,Antioquia,5.36,Itagui
Eje Cafetero - Antioquia,5,Antioquia,5.361,Ituango
Eje Cafetero - Antioquia,5,Antioquia,5.086,Belmira
Eje Cafetero - Antioquia,5,Antioquia,5.368,Jerico
Eje Cafetero - Antioquia,5,Antioquia,5.376,La Ceja
Eje Cafetero - Antioquia,5,Antioquia,5.38,La Estrella
Eje Cafetero - Antioquia,5,Antioquia,5.39,La Pintada
Eje Cafetero - Antioquia,5,Antioquia,5.4,La Union
Eje Cafetero - Antioquia,5,Antioquia,5.411,Liborina
Eje Cafetero - Antioquia,5,Antioquia,5.425,Maceo
Eje Cafetero - Antioquia,5,Antioquia,5.44,Marinilla
Eje Cafetero - Antioquia,5,Antioquia,5.467,Montebello
Eje Cafetero - Antioquia,5,Antioquia,5.475,Murindo
Eje Cafetero - Antioquia,5,Antioquia,5.48,Mutata
Eje Cafetero - Antioquia,5,Antioquia,5.483,Nariño
Eje Cafetero - Antioquia,5,Antioquia,5.49,Necocli
Eje Cafetero - Antioquia,5,Antioquia,5.495,Nechi
Eje Cafetero - Antioquia,5,Antioquia,5.501,Olaya
Eje Cafetero - Antioquia,5,Antioquia,5.541,Peñol
Eje Cafetero - Antioquia,5,Antioquia,5.543,Peque
Eje Cafetero - Antioquia,5,Antioquia,5.576,Pueblorrico
Eje Cafetero - Antioquia,5,Antioquia,5.579,Puerto Berrio
Eje Cafetero - Antioquia,5,Antioquia,5.585,Puerto Nare
Eje Cafetero - Antioquia,5,Antioquia,5.591,Puerto Triunfo
Eje Cafetero - Antioquia,5,Antioquia,5.604,Remedios
Eje Cafetero - Antioquia,5,Antioquia,5.607,Retiro
Eje Cafetero - Antioquia,5,Antioquia,5.615,Rionegro
Eje Cafetero - Antioquia,5,Antioquia,5.628,Sabanalarga
Eje Cafetero - Antioquia,5,Antioquia,5.631,Sabaneta
Eje Cafetero - Antioquia,5,Antioquia,5.642,Salgar
Centro Oriente,15,Boyaca,15.189,Cienega
Pacifico,52,Nariño,52.699,Santacruz
Eje Cafetero - Antioquia,5,Antioquia,5.652,San Francisco
Eje Cafetero - Antioquia,5,Antioquia,5.656,San Jeronimo
Centro Oriente,68,Santander,68.575,Puerto Wilches
Centro Oriente,68,Santander,68.573,Puerto Parra
Eje Cafetero - Antioquia,5,Antioquia,5.66,San Luis
Eje Cafetero - Antioquia,5,Antioquia,5.664,San Pedro
Eje Cafetero - Antioquia,5,Antioquia,5.667,San Rafael
Eje Cafetero - Antioquia,5,Antioquia,5.67,San Roque
Eje Cafetero - Antioquia,5,Antioquia,5.674,San Vicente
Eje Cafetero - Antioquia,5,Antioquia,5.679,Santa Barbara
Eje Cafetero - Antioquia,5,Antioquia,5.69,Santo Domingo
Eje Cafetero - Antioquia,5,Antioquia,5.697,El Santuario
Eje Cafetero - Antioquia,5,Antioquia,5.736,Segovia
Eje Cafetero - Antioquia,5,Antioquia,5.761,Sopetran
Llano,50,Meta,50.37,Uribe
Eje Cafetero - Antioquia,5,Antioquia,5.789,Tamesis
Eje Cafetero - Antioquia,5,Antioquia,5.79,Taraza
Eje Cafetero - Antioquia,5,Antioquia,5.792,Tarso
Eje Cafetero - Antioquia,5,Antioquia,5.809,Titiribi
Eje Cafetero - Antioquia,5,Antioquia,5.819,Toledo
Eje Cafetero - Antioquia,5,Antioquia,5.837,Turbo
Eje Cafetero - Antioquia,5,Antioquia,5.842,Uramita
Eje Cafetero - Antioquia,5,Antioquia,5.847,Urrao
Eje Cafetero - Antioquia,5,Antioquia,5.854,Valdivia
Eje Cafetero - Antioquia,5,Antioquia,5.856,Valparaiso
Eje Cafetero - Antioquia,5,Antioquia,5.858,Vegachi
Eje Cafetero - Antioquia,5,Antioquia,5.861,Venecia
Eje Cafetero - Antioquia,5,Antioquia,5.885,Yali
Eje Cafetero - Antioquia,5,Antioquia,5.887,Yarumal
Eje Cafetero - Antioquia,5,Antioquia,5.89,Yolombo
Eje Cafetero - Antioquia,5,Antioquia,5.893,Yondo
Eje Cafetero - Antioquia,5,Antioquia,5.895,Zaragoza
Caribe,8,Atlantico,8.001,Barranquilla
Caribe,8,Atlantico,8.078,Baranoa
Caribe,8,Atlantico,8.141,Candelaria
Caribe,8,Atlantico,8.296,Galapa
Caribe,8,Atlantico,8.421,Luruaco
Caribe,8,Atlantico,8.433,Malambo
Caribe,8,Atlantico,8.436,Manati
Caribe,8,Atlantico,8.549,Piojo
Caribe,8,Atlantico,8.558,Polonuevo
Caribe,8,Atlantico,8.634,Sabanagrande
Caribe,8,Atlantico,8.638,Sabanalarga
Caribe,8,Atlantico,8.675,Santa Lucia
Caribe,8,Atlantico,8.685,Santo Tomas
Caribe,8,Atlantico,8.758,Soledad
Caribe,8,Atlantico,8.77,Suan
Caribe,8,Atlantico,8.832,Tubara
Caribe,8,Atlantico,8.849,Usiacuri
Caribe,13,Bolivar,13.006,Achi
Caribe,13,Bolivar,13.042,Arenal
Caribe,13,Bolivar,13.052,Arjona
Caribe,13,Bolivar,13.062,Arroyohondo
Caribe,13,Bolivar,13.14,Calamar
Caribe,13,Bolivar,13.16,Cantagallo
Caribe,13,Bolivar,13.188,Cicuco
Caribe,13,Bolivar,13.212,Cordoba
Caribe,13,Bolivar,13.222,Clemencia
Caribe,13,Bolivar,13.248,El Guamo
Caribe,13,Bolivar,13.43,Magangue
Caribe,13,Bolivar,13.433,Mahates
Caribe,13,Bolivar,13.44,Margarita
Caribe,13,Bolivar,13.458,Montecristo
Caribe,13,Bolivar,13.468,Mompos
Caribe,13,Bolivar,13.473,Morales
Caribe,13,Bolivar,13.49,Norosi
Caribe,13,Bolivar,13.549,Pinillos
Caribe,13,Bolivar,13.58,Regidor
Caribe,13,Bolivar,13.6,Rio Viejo
Caribe,13,Bolivar,13.647,San Estanislao
Caribe,13,Bolivar,13.65,San Fernando
Caribe,13,Bolivar,13.657,San Juan Nepomuceno
Caribe,13,Bolivar,13.673,Santa Catalina
Caribe,13,Bolivar,13.683,Santa Rosa
Caribe,13,Bolivar,13.744,Simiti
Caribe,13,Bolivar,13.76,Soplaviento
Caribe,13,Bolivar,13.78,Talaigua Nuevo
Caribe,13,Bolivar,13.81,Tiquisio
Caribe,13,Bolivar,13.836,Turbaco
Caribe,13,Bolivar,13.838,Turbana
Caribe,13,Bolivar,13.873,Villanueva
Centro Oriente,15,Boyaca,15.001,Tunja
Centro Oriente,15,Boyaca,15.022,Almeida
Centro Oriente,15,Boyaca,15.047,Aquitania
Centro Oriente,15,Boyaca,15.051,Arcabuco
Centro Oriente,15,Boyaca,15.09,Berbeo
Centro Oriente,15,Boyaca,15.092,Beteitiva
Centro Oriente,15,Boyaca,15.097,Boavita
Centro Oriente,15,Boyaca,15.104,Boyaca
Centro Oriente,15,Boyaca,15.106,Briceño
Centro Oriente,15,Boyaca,15.109,Buena Vista
Centro Oriente,15,Boyaca,15.114,Busbanza
Centro Oriente,15,Boyaca,15.131,Caldas
Centro Oriente,15,Boyaca,15.135,Campohermoso
Centro Oriente,15,Boyaca,15.162,Cerinza
Centro Oriente,15,Boyaca,15.172,Chinavita
Centro Oriente,15,Boyaca,15.176,Chiquinquira
Centro Oriente,15,Boyaca,15.18,Chiscas
Centro Oriente,15,Boyaca,15.183,Chita
Centro Oriente,15,Boyaca,15.185,Chitaraque
Centro Oriente,15,Boyaca,15.187,Chivata
Centro Oriente,15,Boyaca,15.204,Combita
Centro Oriente,15,Boyaca,15.212,Coper
Centro Oriente,15,Boyaca,15.215,Corrales
Centro Oriente,15,Boyaca,15.218,Covarachia
Centro Oriente,15,Boyaca,15.223,Cubara
Centro Oriente,15,Boyaca,15.224,Cucaita
Centro Oriente,15,Boyaca,15.226,Cuitiva
Centro Oriente,15,Boyaca,15.232,Chiquiza
Centro Oriente,15,Boyaca,15.236,Chivor
Centro Oriente,15,Boyaca,15.238,Duitama
Centro Oriente,15,Boyaca,15.244,El Cocuy
Centro Oriente,15,Boyaca,15.248,El Espino
Centro Oriente,15,Boyaca,15.272,Firavitoba
Centro Oriente,15,Boyaca,15.276,Floresta
Centro Oriente,15,Boyaca,15.293,Gachantiva
Centro Oriente,15,Boyaca,15.296,Gameza
Centro Oriente,15,Boyaca,15.299,Garagoa
Centro Oriente,15,Boyaca,15.317,Guacamayas
Centro Oriente,15,Boyaca,15.322,Guateque
Centro Oriente,15,Boyaca,15.325,Guayata
Centro Oriente,15,Boyaca,15.332,Güican
Centro Oriente,15,Boyaca,15.362,Iza
Centro Oriente,15,Boyaca,15.367,Jenesano
Centro Oriente,15,Boyaca,15.368,Jerico
Centro Oriente,15,Boyaca,15.377,Labranzagrande
Centro Oriente,15,Boyaca,15.38,La Capilla
Centro Oriente,15,Boyaca,15.401,La Victoria
Centro Oriente,15,Boyaca,15.425,Macanal
Centro Oriente,15,Boyaca,15.442,Maripi
Centro Oriente,15,Boyaca,15.455,Miraflores
Centro Oriente,15,Boyaca,15.464,Mongua
Centro Oriente,15,Boyaca,15.466,Mongui
Centro Oriente,15,Boyaca,15.469,Moniquira
Centro Oriente,15,Boyaca,15.48,Muzo
Centro Oriente,15,Boyaca,15.491,Nobsa
Centro Oriente,15,Boyaca,15.494,Nuevo Colon
Centro Oriente,15,Boyaca,15.5,Oicata
Centro Oriente,15,Boyaca,15.507,Otanche
Centro Oriente,15,Boyaca,15.511,Pachavita
Centro Oriente,15,Boyaca,15.514,Paez
Centro Oriente,15,Boyaca,15.516,Paipa
Centro Oriente,15,Boyaca,15.518,Pajarito
Centro Oriente,15,Boyaca,15.522,Panqueba
Centro Oriente,15,Boyaca,15.531,Pauna
Centro Oriente,15,Boyaca,15.533,Paya
Centro Oriente,15,Boyaca,15.542,Pesca
Centro Oriente,15,Boyaca,15.55,Pisba
Centro Oriente,15,Boyaca,15.572,Puerto Boyaca
Centro Oriente,15,Boyaca,15.58,Quipama
Centro Oriente,15,Boyaca,15.599,Ramiriqui
Centro Oriente,15,Boyaca,15.6,Raquira
Centro Oriente,15,Boyaca,15.621,Rondon
Centro Oriente,15,Boyaca,15.632,Saboya
Centro Oriente,15,Boyaca,15.638,Sachica
Centro Oriente,15,Boyaca,15.646,Samaca
Centro Oriente,15,Boyaca,15.66,San Eduardo
Centro Oriente,15,Boyaca,15.673,San Mateo
Centro Oriente,15,Boyaca,15.686,Santana
Centro Oriente,15,Boyaca,15.69,Santa Maria
Centro Oriente,15,Boyaca,15.696,Santa Sofia
Centro Oriente,15,Boyaca,15.72,Sativanorte
Centro Oriente,15,Boyaca,15.723,Sativasur
Centro Oriente,15,Boyaca,15.74,Siachoque
Centro Oriente,15,Boyaca,15.753,Soata
Centro Oriente,15,Boyaca,15.755,Socota
Centro Oriente,15,Boyaca,15.757,Socha
Centro Oriente,15,Boyaca,15.759,Sogamoso
Centro Oriente,15,Boyaca,15.761,Somondoco
Centro Oriente,15,Boyaca,15.762,Sora
Centro Oriente,15,Boyaca,15.763,Sotaquira
Centro Oriente,15,Boyaca,15.764,Soraca
Centro Oriente,15,Boyaca,15.774,Susacon
Centro Oriente,15,Boyaca,15.776,Sutamarchan
Centro Oriente,15,Boyaca,15.778,Sutatenza
Centro Oriente,15,Boyaca,15.79,Tasco
Centro Oriente,15,Boyaca,15.798,Tenza
Centro Oriente,15,Boyaca,15.804,Tibana
Centro Oriente,15,Boyaca,15.808,Tinjaca
Centro Oriente,15,Boyaca,15.81,Tipacoque
Centro Oriente,15,Boyaca,15.814,Toca
Centro Oriente,15,Boyaca,15.82,Topaga
Centro Oriente,15,Boyaca,15.822,Tota
Centro Oriente,15,Boyaca,15.835,Turmeque
Centro Oriente,15,Boyaca,15.839,Tutaza
Centro Oriente,15,Boyaca,15.842,Umbita
Centro Oriente,15,Boyaca,15.861,Ventaquemada
Centro Oriente,15,Boyaca,15.879,Viracacha
Centro Oriente,15,Boyaca,15.897,Zetaquira
Eje Cafetero - Antioquia,17,Caldas,17.001,Manizales
Eje Cafetero - Antioquia,17,Caldas,17.013,Aguadas
Eje Cafetero - Antioquia,17,Caldas,17.042,Anserma
Eje Cafetero - Antioquia,17,Caldas,17.05,Aranzazu
Eje Cafetero - Antioquia,17,Caldas,17.088,Belalcazar
Eje Cafetero - Antioquia,17,Caldas,17.174,Chinchina
Eje Cafetero - Antioquia,17,Caldas,17.272,Filadelfia
Eje Cafetero - Antioquia,17,Caldas,17.38,La Dorada
Eje Cafetero - Antioquia,17,Caldas,17.388,La Merced
Eje Cafetero - Antioquia,17,Caldas,17.433,Manzanares
Eje Cafetero - Antioquia,17,Caldas,17.442,Marmato
Eje Cafetero - Antioquia,17,Caldas,17.446,Marulanda
Eje Cafetero - Antioquia,17,Caldas,17.486,Neira
Eje Cafetero - Antioquia,17,Caldas,17.495,Norcasia
Eje Cafetero - Antioquia,17,Caldas,17.513,Pacora
Eje Cafetero - Antioquia,17,Caldas,17.524,Palestina
Eje Cafetero - Antioquia,17,Caldas,17.541,Pensilvania
Eje Cafetero - Antioquia,17,Caldas,17.614,Riosucio
Eje Cafetero - Antioquia,17,Caldas,17.616,Risaralda
Eje Cafetero - Antioquia,17,Caldas,17.653,Salamina
Eje Cafetero - Antioquia,17,Caldas,17.662,Samana
Eje Cafetero - Antioquia,17,Caldas,17.665,San Jose
Eje Cafetero - Antioquia,17,Caldas,17.777,Supia
Eje Cafetero - Antioquia,17,Caldas,17.867,Victoria
Eje Cafetero - Antioquia,17,Caldas,17.873,Villamaria
Eje Cafetero - Antioquia,17,Caldas,17.877,Viterbo
Centro Sur,18,Caqueta,18.001,Florencia
Centro Sur,18,Caqueta,18.029,Albania
Centro Sur,18,Caqueta,18.205,Curillo
Centro Sur,18,Caqueta,18.247,El Doncello
Centro Sur,18,Caqueta,18.256,El Paujil
Centro Sur,18,Caqueta,18.479,Morelia
Centro Sur,18,Caqueta,18.592,Puerto Rico
Centro Sur,18,Caqueta,18.756,Solano
Centro Sur,18,Caqueta,18.785,Solita
Centro Sur,18,Caqueta,18.86,Valparaiso
Pacifico,19,Cauca,19.001,Popayan
Pacifico,19,Cauca,19.022,Almaguer
Pacifico,19,Cauca,19.05,Argelia
Pacifico,19,Cauca,19.075,Balboa
Pacifico,19,Cauca,19.1,Bolivar
Pacifico,19,Cauca,19.11,Buenos Aires
Pacifico,19,Cauca,19.13,Cajibio
Pacifico,19,Cauca,19.137,Caldono
Pacifico,19,Cauca,19.142,Caloto
Pacifico,19,Cauca,19.212,Corinto
Pacifico,19,Cauca,19.256,El Tambo
Pacifico,19,Cauca,19.29,Florencia
Pacifico,19,Cauca,19.3,Guachene
Pacifico,19,Cauca,19.318,Guapi
Pacifico,19,Cauca,19.355,Inza
Pacifico,19,Cauca,19.364,Jambalo
Pacifico,19,Cauca,19.392,La Sierra
Pacifico,19,Cauca,19.397,La Vega
Pacifico,19,Cauca,19.418,Lopez
Pacifico,19,Cauca,19.45,Mercaderes
Pacifico,19,Cauca,19.455,Miranda
Pacifico,19,Cauca,19.473,Morales
Pacifico,19,Cauca,19.513,Padilla
Pacifico,19,Cauca,19.532,Patia
Pacifico,19,Cauca,19.533,Piamonte
Pacifico,19,Cauca,19.548,Piendamo
Pacifico,19,Cauca,19.573,Puerto Tejada
Pacifico,19,Cauca,19.585,Purace
Pacifico,19,Cauca,19.622,Rosas
Pacifico,19,Cauca,19.701,Santa Rosa
Pacifico,19,Cauca,19.743,Silvia
Pacifico,19,Cauca,19.76,Sotara
Pacifico,19,Cauca,19.78,Suarez
Pacifico,19,Cauca,19.785,Sucre
Pacifico,19,Cauca,19.807,Timbio
Pacifico,19,Cauca,19.809,Timbiqui
Pacifico,19,Cauca,19.821,Toribio
Pacifico,19,Cauca,19.824,Totoro
Pacifico,19,Cauca,19.845,Villa Rica
Caribe,20,Cesar,20.001,Valledupar
Caribe,20,Cesar,20.011,Aguachica
Caribe,20,Cesar,20.013,Agustin Codazzi
Caribe,20,Cesar,20.032,Astrea
Caribe,20,Cesar,20.045,Becerril
Caribe,20,Cesar,20.06,Bosconia
Caribe,20,Cesar,20.175,Chimichagua
Caribe,20,Cesar,20.178,Chiriguana
Caribe,20,Cesar,20.228,Curumani
Caribe,20,Cesar,20.238,El Copey
Caribe,20,Cesar,20.25,El Paso
Caribe,20,Cesar,20.295,Gamarra
Caribe,20,Cesar,20.31,Gonzalez
Caribe,20,Cesar,20.383,La Gloria
Caribe,20,Cesar,20.443,Manaure
Caribe,20,Cesar,20.517,Pailitas
Caribe,20,Cesar,20.55,Pelaya
Caribe,20,Cesar,20.57,Pueblo Bello
Caribe,20,Cesar,20.621,La Paz
Caribe,20,Cesar,20.71,San Alberto
Caribe,20,Cesar,20.75,San Diego
Caribe,20,Cesar,20.77,San Martin
Caribe,20,Cesar,20.787,Tamalameque
Caribe,23,Cordoba,23.001,Monteria
Caribe,23,Cordoba,23.068,Ayapel
Caribe,23,Cordoba,23.079,Buenavista
Caribe,23,Cordoba,23.09,Canalete
Caribe,23,Cordoba,23.162,Cerete
Caribe,23,Cordoba,23.168,Chima
Caribe,23,Cordoba,23.182,Chinu
Caribe,23,Cordoba,23.3,Cotorra
Caribe,23,Cordoba,23.417,Lorica
Caribe,23,Cordoba,23.419,Los Cordobas
Caribe,23,Cordoba,23.464,Momil
Caribe,23,Cordoba,23.5,Moñitos
Caribe,23,Cordoba,23.555,Planeta Rica
Caribe,23,Cordoba,23.57,Pueblo Nuevo
Caribe,23,Cordoba,23.574,Puerto Escondido
Caribe,23,Cordoba,23.586,Purisima
Caribe,23,Cordoba,23.66,Sahagun
Caribe,23,Cordoba,23.67,San Andres Sotavento
Caribe,23,Cordoba,23.672,San Antero
Caribe,23,Cordoba,23.686,San Pelayo
Caribe,23,Cordoba,23.807,Tierralta
Caribe,23,Cordoba,23.815,Tuchin
Caribe,23,Cordoba,23.855,Valencia
Centro Oriente,25,Cundinamarca,25.035,Anapoima
Centro Oriente,25,Cundinamarca,25.053,Arbelaez
Centro Oriente,25,Cundinamarca,25.086,Beltran
Centro Oriente,25,Cundinamarca,25.095,Bituima
Centro Oriente,25,Cundinamarca,25.099,Bojaca
Centro Oriente,25,Cundinamarca,25.12,Cabrera
Centro Oriente,25,Cundinamarca,25.123,Cachipay
Centro Oriente,25,Cundinamarca,25.126,Cajica
Centro Oriente,25,Cundinamarca,25.148,Caparrapi
Centro Oriente,25,Cundinamarca,25.151,Caqueza
Centro Oriente,25,Cundinamarca,25.168,Chaguani
Centro Oriente,25,Cundinamarca,25.178,Chipaque
Centro Oriente,25,Cundinamarca,25.181,Choachi
Centro Oriente,25,Cundinamarca,25.183,Choconta
Centro Oriente,25,Cundinamarca,25.2,Cogua
Centro Oriente,25,Cundinamarca,25.214,Cota
Centro Oriente,25,Cundinamarca,25.224,Cucunuba
Centro Oriente,25,Cundinamarca,25.245,El Colegio
Centro Oriente,25,Cundinamarca,25.26,El Rosal
Centro Oriente,25,Cundinamarca,25.279,Fomeque
Centro Oriente,25,Cundinamarca,25.281,Fosca
Centro Oriente,25,Cundinamarca,25.286,Funza
Centro Oriente,25,Cundinamarca,25.288,Fuquene
Centro Oriente,25,Cundinamarca,25.293,Gachala
Centro Oriente,25,Cundinamarca,25.295,Gachancipa
Centro Oriente,25,Cundinamarca,25.297,Gacheta
Centro Oriente,25,Cundinamarca,25.307,Girardot
Centro Oriente,25,Cundinamarca,25.312,Granada
Centro Oriente,25,Cundinamarca,25.317,Guacheta
Centro Oriente,25,Cundinamarca,25.32,Guaduas
Centro Oriente,25,Cundinamarca,25.322,Guasca
Centro Oriente,25,Cundinamarca,25.324,Guataqui
Centro Oriente,25,Cundinamarca,25.326,Guatavita
Centro Oriente,25,Cundinamarca,25.335,Guayabetal
Centro Oriente,25,Cundinamarca,25.339,Gutierrez
Centro Oriente,25,Cundinamarca,25.368,Jerusalen
Centro Oriente,25,Cundinamarca,25.372,Junin
Centro Oriente,25,Cundinamarca,25.377,La Calera
Centro Oriente,25,Cundinamarca,25.386,La Mesa
Centro Oriente,25,Cundinamarca,25.394,La Palma
Centro Oriente,25,Cundinamarca,25.398,La Peña
Centro Oriente,25,Cundinamarca,25.402,La Vega
Centro Oriente,25,Cundinamarca,25.407,Lenguazaque
Centro Oriente,25,Cundinamarca,25.426,Macheta
Centro Oriente,25,Cundinamarca,25.43,Madrid
Centro Oriente,25,Cundinamarca,25.436,Manta
Centro Oriente,25,Cundinamarca,25.438,Medina
Centro Oriente,25,Cundinamarca,25.473,Mosquera
Centro Oriente,25,Cundinamarca,25.483,Nariño
Centro Oriente,25,Cundinamarca,25.486,Nemocon
Centro Oriente,25,Cundinamarca,25.488,Nilo
Centro Oriente,25,Cundinamarca,25.489,Nimaima
Centro Oriente,25,Cundinamarca,25.491,Nocaima
Centro Oriente,25,Cundinamarca,25.506,Venecia
Centro Oriente,25,Cundinamarca,25.513,Pacho
Centro Oriente,25,Cundinamarca,25.518,Paime
Centro Oriente,25,Cundinamarca,25.524,Pandi
Centro Oriente,25,Cundinamarca,25.53,Paratebueno
Centro Oriente,25,Cundinamarca,25.535,Pasca
Centro Oriente,25,Cundinamarca,25.572,Puerto Salgar
Centro Oriente,25,Cundinamarca,25.58,Puli
Centro Oriente,25,Cundinamarca,25.592,Quebradanegra
Centro Oriente,25,Cundinamarca,25.594,Quetame
Centro Oriente,25,Cundinamarca,25.596,Quipile
Centro Oriente,25,Cundinamarca,25.599,Apulo
Centro Oriente,25,Cundinamarca,25.612,Ricaurte
Centro Oriente,25,Cundinamarca,25.649,San Bernardo
Centro Oriente,25,Cundinamarca,25.653,San Cayetano
Centro Oriente,25,Cundinamarca,25.658,San Francisco
Centro Oriente,25,Cundinamarca,25.736,Sesquile
Centro Oriente,25,Cundinamarca,25.74,Sibate
Centro Oriente,25,Cundinamarca,25.743,Silvania
Centro Oriente,25,Cundinamarca,25.745,Simijaca
Centro Oriente,25,Cundinamarca,25.754,Soacha
Centro Oriente,25,Cundinamarca,25.769,Subachoque
Centro Oriente,25,Cundinamarca,25.772,Suesca
Centro Oriente,25,Cundinamarca,25.777,Supata
Centro Oriente,25,Cundinamarca,25.779,Susa
Centro Oriente,25,Cundinamarca,25.781,Sutatausa
Centro Oriente,25,Cundinamarca,25.785,Tabio
Centro Oriente,25,Cundinamarca,25.793,Tausa
Centro Oriente,25,Cundinamarca,25.797,Tena
Centro Oriente,25,Cundinamarca,25.799,Tenjo
Centro Oriente,25,Cundinamarca,25.805,Tibacuy
Centro Oriente,25,Cundinamarca,25.807,Tibirita
Centro Oriente,25,Cundinamarca,25.815,Tocaima
Centro Oriente,25,Cundinamarca,25.817,Tocancipa
Centro Oriente,25,Cundinamarca,25.823,Topaipi
Centro Oriente,25,Cundinamarca,25.839,Ubala
Centro Oriente,25,Cundinamarca,25.841,Ubaque
Centro Oriente,25,Cundinamarca,25.845,Une
Centro Oriente,25,Cundinamarca,25.851,utica
Centro Oriente,25,Cundinamarca,25.867,Viani
Centro Oriente,25,Cundinamarca,25.871,Villagomez
Centro Oriente,25,Cundinamarca,25.873,Villapinzon
Centro Oriente,25,Cundinamarca,25.875,Villeta
Centro Oriente,25,Cundinamarca,25.878,Viota
Centro Oriente,25,Cundinamarca,25.898,Zipacon
Pacifico,27,Choco,27.001,Quibdo
Pacifico,27,Choco,27.006,Acandi
Pacifico,27,Choco,27.025,Alto Baudo
Pacifico,27,Choco,27.05,Atrato
Pacifico,27,Choco,27.073,Bagado
Pacifico,27,Choco,27.075,Bahia Solano
Pacifico,27,Choco,27.077,Bajo Baudo
Pacifico,27,Choco,27.099,Bojaya
Pacifico,27,Choco,27.16,Certegui
Pacifico,27,Choco,27.205,Condoto
Pacifico,27,Choco,27.372,Jurado
Pacifico,27,Choco,27.413,Lloro
Pacifico,27,Choco,27.425,Medio Atrato
Pacifico,27,Choco,27.43,Medio Baudo
Pacifico,27,Choco,27.45,Medio San Juan
Pacifico,27,Choco,27.491,Novita
Pacifico,27,Choco,27.495,Nuqui
Pacifico,27,Choco,27.58,Rio Iro
Pacifico,27,Choco,27.6,Rio Quito
Pacifico,27,Choco,27.615,Riosucio
Pacifico,27,Choco,27.745,Sipi
Pacifico,27,Choco,27.8,Unguia
Centro Sur,41,Huila,41.001,Neiva
Centro Sur,41,Huila,41.006,Acevedo
Centro Sur,41,Huila,41.013,Agrado
Centro Sur,41,Huila,41.016,Aipe
Centro Sur,41,Huila,41.02,Algeciras
Centro Sur,41,Huila,41.026,Altamira
Centro Sur,41,Huila,41.078,Baraya
Centro Sur,41,Huila,41.132,Campoalegre
Centro Sur,41,Huila,41.206,Colombia
Centro Sur,41,Huila,41.244,Elias
Centro Sur,41,Huila,41.298,Garzon
Centro Sur,41,Huila,41.306,Gigante
Centro Sur,41,Huila,41.319,Guadalupe
Centro Sur,41,Huila,41.349,Hobo
Centro Sur,41,Huila,41.357,Iquira
Centro Sur,41,Huila,41.359,Isnos
Centro Sur,41,Huila,41.378,La Argentina
Centro Sur,41,Huila,41.396,La Plata
Centro Sur,41,Huila,41.483,Nataga
Centro Sur,41,Huila,41.503,Oporapa
Centro Sur,41,Huila,41.518,Paicol
Centro Sur,41,Huila,41.524,Palermo
Centro Sur,41,Huila,41.53,Palestina
Centro Sur,41,Huila,41.548,Pital
Centro Sur,41,Huila,41.551,Pitalito
Centro Sur,41,Huila,41.615,Rivera
Centro Sur,41,Huila,41.66,Saladoblanco
Centro Sur,41,Huila,41.676,Santa Maria
Centro Sur,41,Huila,41.77,Suaza
Centro Sur,41,Huila,41.791,Tarqui
Centro Sur,41,Huila,41.797,Tesalia
Centro Sur,41,Huila,41.799,Tello
Centro Sur,41,Huila,41.801,Teruel
Centro Sur,41,Huila,41.807,Timana
Centro Sur,41,Huila,41.872,Villavieja
Centro Sur,41,Huila,41.885,Yaguara
Caribe,44,La Guajira,44.001,Riohacha
Caribe,44,La Guajira,44.035,Albania
Caribe,44,La Guajira,44.078,Barrancas
Caribe,44,La Guajira,44.09,Dibula
Caribe,44,La Guajira,44.098,Distraccion
Caribe,44,La Guajira,44.11,El Molino
Caribe,44,La Guajira,44.279,Fonseca
Caribe,44,La Guajira,44.378,Hatonuevo
Caribe,44,La Guajira,44.43,Maicao
Caribe,44,La Guajira,44.56,Manaure
Caribe,44,La Guajira,44.847,Uribia
Caribe,44,La Guajira,44.855,Urumita
Caribe,44,La Guajira,44.874,Villanueva
Caribe,47,Magdalena,47.001,Santa Marta
Caribe,47,Magdalena,47.03,Algarrobo
Caribe,47,Magdalena,47.053,Aracataca
Caribe,47,Magdalena,47.058,Ariguani
Caribe,47,Magdalena,47.161,Cerro San Antonio
Caribe,47,Magdalena,47.17,Chivolo
Caribe,47,Magdalena,47.205,Concordia
Caribe,47,Magdalena,47.245,El Banco
Caribe,47,Magdalena,47.258,El Piñon
Caribe,47,Magdalena,47.268,El Reten
Caribe,47,Magdalena,47.288,Fundacion
Caribe,47,Magdalena,47.318,Guamal
Caribe,47,Magdalena,47.46,Nueva Granada
Caribe,47,Magdalena,47.541,Pedraza
Caribe,47,Magdalena,47.551,Pivijay
Caribe,47,Magdalena,47.555,Plato
Caribe,47,Magdalena,47.605,Remolino
Caribe,47,Magdalena,47.675,Salamina
Caribe,47,Magdalena,47.703,San Zenon
Caribe,47,Magdalena,47.707,Santa Ana
Caribe,47,Magdalena,47.745,Sitionuevo
Caribe,47,Magdalena,47.798,Tenerife
Caribe,47,Magdalena,47.96,Zapayan
Caribe,47,Magdalena,47.98,Zona Bananera
Llano,50,Meta,50.001,Villavicencio
Llano,50,Meta,50.006,Acacias
Llano,50,Meta,50.124,Cabuyaro
Llano,50,Meta,50.223,Cubarral
Llano,50,Meta,50.226,Cumaral
Llano,50,Meta,50.245,El Calvario
Llano,50,Meta,50.251,El Castillo
Llano,50,Meta,50.27,El Dorado
Llano,50,Meta,50.313,Granada
Llano,50,Meta,50.318,Guamal
Llano,50,Meta,50.325,Mapiripan
Llano,50,Meta,50.33,Mesetas
Llano,50,Meta,50.35,La Macarena
Llano,50,Meta,50.4,Lejanias
Llano,50,Meta,50.45,Puerto Concordia
Llano,50,Meta,50.568,Puerto Gaitan
Llano,50,Meta,50.573,Puerto Lopez
Llano,50,Meta,50.577,Puerto Lleras
Llano,50,Meta,50.59,Puerto Rico
Llano,50,Meta,50.606,Restrepo
Llano,50,Meta,50.686,San Juanito
Llano,50,Meta,50.689,San Martin
Llano,50,Meta,50.711,Vista Hermosa
Pacifico,52,Nariño,52.001,Pasto
Pacifico,52,Nariño,52.019,Alban
Pacifico,52,Nariño,52.022,Aldana
Pacifico,52,Nariño,52.036,Ancuya
Pacifico,52,Nariño,52.079,Barbacoas
Pacifico,52,Nariño,52.203,Colon
Pacifico,52,Nariño,52.207,Consaca
Pacifico,52,Nariño,52.21,Contadero
Pacifico,52,Nariño,52.215,Cordoba
Pacifico,52,Nariño,52.224,Cuaspud
Pacifico,52,Nariño,52.227,Cumbal
Pacifico,52,Nariño,52.233,Cumbitara
Pacifico,52,Nariño,52.25,El Charco
Pacifico,52,Nariño,52.254,El Peñol
Pacifico,52,Nariño,52.256,El Rosario
Pacifico,52,Nariño,52.26,El Tambo
Pacifico,52,Nariño,52.287,Funes
Pacifico,52,Nariño,52.317,Guachucal
Pacifico,52,Nariño,52.32,Guaitarilla
Pacifico,52,Nariño,52.323,Gualmatan
Pacifico,52,Nariño,52.352,Iles
Pacifico,52,Nariño,52.354,Imues
Pacifico,52,Nariño,52.356,Ipiales
Pacifico,52,Nariño,52.378,La Cruz
Pacifico,52,Nariño,52.381,La Florida
Pacifico,52,Nariño,52.385,La Llanada
Pacifico,52,Nariño,52.39,La Tola
Pacifico,52,Nariño,52.399,La Union
Pacifico,52,Nariño,52.405,Leiva
Pacifico,52,Nariño,52.411,Linares
Pacifico,52,Nariño,52.418,Los Andes
Pacifico,52,Nariño,52.427,Magüi
Pacifico,52,Nariño,52.435,Mallama
Pacifico,52,Nariño,52.473,Mosquera
Pacifico,52,Nariño,52.48,Nariño
Pacifico,52,Nariño,52.49,Olaya Herrera
Pacifico,52,Nariño,52.506,Ospina
Pacifico,52,Nariño,52.52,Francisco Pizarro
Pacifico,52,Nariño,52.54,Policarpa
Pacifico,52,Nariño,52.56,Potosi
Pacifico,52,Nariño,52.565,Providencia
Pacifico,52,Nariño,52.573,Puerres
Pacifico,52,Nariño,52.585,Pupiales
Pacifico,52,Nariño,52.612,Ricaurte
Pacifico,52,Nariño,52.621,Roberto Payan
Pacifico,52,Nariño,52.678,Samaniego
Pacifico,52,Nariño,52.683,Sandona
Pacifico,52,Nariño,52.685,San Bernardo
Pacifico,52,Nariño,52.687,San Lorenzo
Pacifico,52,Nariño,52.693,San Pablo
Pacifico,52,Nariño,52.696,Santa Barbara
Pacifico,52,Nariño,52.72,Sapuyes
Pacifico,52,Nariño,52.786,Taminango
Pacifico,52,Nariño,52.788,Tangua
Pacifico,52,Nariño,52.838,Tuquerres
Pacifico,52,Nariño,52.885,Yacuanquer
Eje Cafetero - Antioquia,63,Quindio,63.001,Armenia
Eje Cafetero - Antioquia,63,Quindio,63.111,Buenavista
Eje Cafetero - Antioquia,63,Quindio,63.19,Circasia
Eje Cafetero - Antioquia,63,Quindio,63.212,Cordoba
Eje Cafetero - Antioquia,63,Quindio,63.272,Filandia
Eje Cafetero - Antioquia,63,Quindio,63.401,La Tebaida
Eje Cafetero - Antioquia,63,Quindio,63.47,Montenegro
Eje Cafetero - Antioquia,63,Quindio,63.548,Pijao
Eje Cafetero - Antioquia,63,Quindio,63.594,Quimbaya
Eje Cafetero - Antioquia,63,Quindio,63.69,Salento
Eje Cafetero - Antioquia,66,Risaralda,66.001,Pereira
Eje Cafetero - Antioquia,66,Risaralda,66.045,Apia
Eje Cafetero - Antioquia,66,Risaralda,66.075,Balboa
Eje Cafetero - Antioquia,66,Risaralda,66.17,Dosquebradas
Eje Cafetero - Antioquia,66,Risaralda,66.318,Guatica
Eje Cafetero - Antioquia,66,Risaralda,66.383,La Celia
Eje Cafetero - Antioquia,66,Risaralda,66.4,La Virginia
Eje Cafetero - Antioquia,66,Risaralda,66.44,Marsella
Eje Cafetero - Antioquia,66,Risaralda,66.456,Mistrato
Eje Cafetero - Antioquia,66,Risaralda,66.572,Pueblo Rico
Eje Cafetero - Antioquia,66,Risaralda,66.594,Quinchia
Eje Cafetero - Antioquia,66,Risaralda,66.687,Santuario
Centro Oriente,68,Santander,68.001,Bucaramanga
Centro Oriente,68,Santander,68.013,Aguada
Centro Oriente,68,Santander,68.02,Albania
Centro Oriente,68,Santander,68.051,Aratoca
Centro Oriente,68,Santander,68.077,Barbosa
Centro Oriente,68,Santander,68.079,Barichara
Centro Oriente,68,Santander,68.081,Barrancabermeja
Centro Oriente,68,Santander,68.092,Betulia
Centro Oriente,68,Santander,68.101,Bolivar
Centro Oriente,68,Santander,68.121,Cabrera
Centro Oriente,68,Santander,68.132,California
Centro Oriente,68,Santander,68.152,Carcasi
Centro Oriente,68,Santander,68.16,Cepita
Centro Oriente,68,Santander,68.162,Cerrito
Centro Oriente,68,Santander,68.167,Charala
Centro Oriente,68,Santander,68.169,Charta
Centro Oriente,68,Santander,68.179,Chipata
Centro Oriente,68,Santander,68.19,Cimitarra
Centro Oriente,68,Santander,68.207,Concepcion
Centro Oriente,68,Santander,68.209,Confines
Centro Oriente,68,Santander,68.211,Contratacion
Centro Oriente,68,Santander,68.217,Coromoro
Centro Oriente,68,Santander,68.229,Curiti
Centro Oriente,68,Santander,68.245,El Guacamayo
Centro Oriente,68,Santander,68.255,El Playon
Centro Oriente,68,Santander,68.264,Encino
Centro Oriente,68,Santander,68.266,Enciso
Centro Oriente,68,Santander,68.271,Florian
Centro Oriente,68,Santander,68.276,Floridablanca
Centro Oriente,68,Santander,68.296,Galan
Centro Oriente,68,Santander,68.298,Gambita
Centro Oriente,68,Santander,68.307,Giron
Centro Oriente,68,Santander,68.318,Guaca
Centro Oriente,68,Santander,68.32,Guadalupe
Centro Oriente,68,Santander,68.322,Guapota
Centro Oriente,68,Santander,68.324,Guavata
Centro Oriente,68,Santander,68.327,Güepsa
Centro Oriente,68,Santander,68.368,Jesus Maria
Centro Oriente,68,Santander,68.37,Jordan
Centro Oriente,68,Santander,68.377,La Belleza
Centro Oriente,68,Santander,68.385,Landazuri
Centro Oriente,68,Santander,68.397,La Paz
Centro Oriente,68,Santander,68.406,Lebrija
Centro Oriente,68,Santander,68.418,Los Santos
Centro Oriente,68,Santander,68.425,Macaravita
Centro Oriente,68,Santander,68.432,Malaga
Centro Oriente,68,Santander,68.444,Matanza
Centro Oriente,68,Santander,68.464,Mogotes
Centro Oriente,68,Santander,68.468,Molagavita
Centro Oriente,68,Santander,68.498,Ocamonte
Centro Oriente,68,Santander,68.5,Oiba
Centro Oriente,68,Santander,68.502,Onzaga
Centro Oriente,68,Santander,68.522,Palmar
Centro Oriente,68,Santander,68.533,Paramo
Centro Oriente,68,Santander,68.547,Piedecuesta
Centro Oriente,68,Santander,68.549,Pinchote
Centro Oriente,68,Santander,68.572,Puente Nacional
Centro Oriente,68,Santander,68.615,Rionegro
Centro Oriente,68,Santander,68.669,San Andres
Centro Oriente,68,Santander,68.679,San Gil
Centro Oriente,68,Santander,68.682,San Joaquin
Centro Oriente,68,Santander,68.686,San Miguel
Centro Oriente,68,Santander,68.705,Santa Barbara
Centro Oriente,68,Santander,68.745,Simacota
Centro Oriente,68,Santander,68.755,Socorro
Centro Oriente,68,Santander,68.77,Suaita
Centro Oriente,68,Santander,68.773,Sucre
Centro Oriente,68,Santander,68.78,Surata
Centro Oriente,68,Santander,68.82,Tona
Centro Oriente,68,Santander,68.861,Velez
Centro Oriente,68,Santander,68.867,Vetas
Centro Oriente,68,Santander,68.872,Villanueva
Centro Oriente,68,Santander,68.895,Zapatoca
Caribe,70,Sucre,70.001,Sincelejo
Caribe,70,Sucre,70.11,Buenavista
Caribe,70,Sucre,70.124,Caimito
Caribe,70,Sucre,70.204,Coloso
Caribe,70,Sucre,70.221,Coveñas
Caribe,70,Sucre,70.23,Chalan
Caribe,70,Sucre,70.233,El Roble
Caribe,70,Sucre,70.235,Galeras
Caribe,70,Sucre,70.265,Guaranda
Caribe,70,Sucre,70.4,La Union
Caribe,70,Sucre,70.418,Los Palmitos
Caribe,70,Sucre,70.429,Majagual
Caribe,70,Sucre,70.473,Morroa
Caribe,70,Sucre,70.508,Ovejas
Caribe,70,Sucre,70.523,Palmito
Caribe,70,Sucre,70.678,San Benito Abad
Caribe,70,Sucre,70.708,San Marcos
Caribe,70,Sucre,70.713,San Onofre
Caribe,70,Sucre,70.717,San Pedro
Caribe,70,Sucre,70.771,Sucre
Caribe,70,Sucre,70.823,Tolu Viejo
Centro Sur,73,Tolima,73.024,Alpujarra
Centro Sur,73,Tolima,73.026,Alvarado
Centro Sur,73,Tolima,73.03,Ambalema
Centro Sur,73,Tolima,73.055,Armero
Centro Sur,73,Tolima,73.067,Ataco
Centro Sur,73,Tolima,73.124,Cajamarca
Centro Sur,73,Tolima,73.168,Chaparral
Centro Sur,73,Tolima,73.2,Coello
Centro Sur,73,Tolima,73.217,Coyaima
Centro Sur,73,Tolima,73.226,Cunday
Centro Sur,73,Tolima,73.236,Dolores
Centro Sur,73,Tolima,73.268,Espinal
Centro Sur,73,Tolima,73.27,Falan
Centro Sur,73,Tolima,73.275,Flandes
Centro Sur,73,Tolima,73.283,Fresno
Centro Sur,73,Tolima,73.319,Guamo
Centro Sur,73,Tolima,73.347,Herveo
Centro Sur,73,Tolima,73.349,Honda
Centro Sur,73,Tolima,73.352,Icononzo
Centro Sur,73,Tolima,73.443,Mariquita
Centro Sur,73,Tolima,73.449,Melgar
Centro Sur,73,Tolima,73.461,Murillo
Centro Sur,73,Tolima,73.483,Natagaima
Centro Sur,73,Tolima,73.504,Ortega
Centro Sur,73,Tolima,73.52,Palocabildo
Centro Sur,73,Tolima,73.547,Piedras
Centro Sur,73,Tolima,73.555,Planadas
Centro Sur,73,Tolima,73.563,Prado
Centro Sur,73,Tolima,73.585,Purificacion
Centro Sur,73,Tolima,73.616,Rio Blanco
Centro Sur,73,Tolima,73.622,Roncesvalles
Centro Sur,73,Tolima,73.624,Rovira
Centro Sur,73,Tolima,73.671,Saldaña
Centro Sur,73,Tolima,73.686,Santa Isabel
Centro Sur,73,Tolima,73.861,Venadillo
Centro Sur,73,Tolima,73.87,Villahermosa
Centro Sur,73,Tolima,73.873,Villarrica
Llano,81,Arauca,81.065,Arauquita
Llano,81,Arauca,81.22,Cravo Norte
Llano,81,Arauca,81.3,Fortul
Llano,81,Arauca,81.591,Puerto Rondon
Llano,81,Arauca,81.736,Saravena
Llano,81,Arauca,81.794,Tame
Llano,81,Arauca,81.001,Arauca
Llano,85,Casanare,85.001,Yopal
Llano,85,Casanare,85.01,Aguazul
Llano,85,Casanare,85.015,Chameza
Llano,85,Casanare,85.125,Hato Corozal
Llano,85,Casanare,85.136,La Salina
Llano,85,Casanare,85.162,Monterrey
Llano,85,Casanare,85.263,Pore
Llano,85,Casanare,85.279,Recetor
Llano,85,Casanare,85.3,Sabanalarga
Llano,85,Casanare,85.315,Sacama
Llano,85,Casanare,85.41,Tauramena
Llano,85,Casanare,85.43,Trinidad
Llano,85,Casanare,85.44,Villanueva
Centro Sur,86,Putumayo,86.001,Mocoa
Centro Sur,86,Putumayo,86.219,Colon
Centro Sur,86,Putumayo,86.32,Orito
Centro Sur,86,Putumayo,86.569,Puerto Caicedo
Centro Sur,86,Putumayo,86.571,Puerto Guzman
Centro Sur,86,Putumayo,86.573,Leguizamo
Centro Sur,86,Putumayo,86.749,Sibundoy
Centro Sur,86,Putumayo,86.755,San Francisco
Centro Sur,86,Putumayo,86.757,San Miguel
Centro Sur,86,Putumayo,86.76,Santiago
Centro Sur,91,Amazonas,91.001,Leticia
Centro Sur,91,Amazonas,91.263,El Encanto
Centro Sur,91,Amazonas,91.405,La Chorrera
Centro Sur,91,Amazonas,91.407,La Pedrera
Centro Sur,91,Amazonas,91.43,La Victoria
Centro Sur,91,Amazonas,91.536,Puerto Arica
Centro Sur,91,Amazonas,91.54,Puerto Nariño
Centro Sur,91,Amazonas,91.669,Puerto Santander
Centro Sur,91,Amazonas,91.798,Tarapaca
Llano,94,Guainia,94.001,Inirida
Llano,94,Guainia,94.343,Barranco Minas
Llano,94,Guainia,94.663,Mapiripana
Llano,94,Guainia,94.883,San Felipe
Llano,94,Guainia,94.884,Puerto Colombia
Llano,94,Guainia,94.885,La Guadalupe
Llano,94,Guainia,94.886,Cacahual
Llano,94,Guainia,94.887,Pana Pana
Centro Sur,97,Vaupes,97.001,Mitu
Centro Sur,97,Vaupes,97.161,Caruru
Centro Sur,97,Vaupes,97.666,Taraira
Centro Sur,97,Vaupes,97.777,Papunahua
Centro Sur,97,Vaupes,97.889,Yavarate
Centro Sur,97,Vaupes,97.511,Pacoa
Llano,94,Guainia,94.888,Morichal
Llano,99,Vichada,99.001,Puerto Carreño
Llano,99,Vichada,99.524,La Primavera
Llano,99,Vichada,99.624,Santa Rosalia
Llano,99,Vichada,99.773,Cumaribo
Centro Sur,18,Caqueta,18.61,San Jose del Fragua
Llano,50,Meta,50.11,Barranca de Upia
Centro Oriente,68,Santander,68.524,Palmas del Socorro
Centro Oriente,25,Cundinamarca,25.662,San Juan de Rio Seco
Caribe,8,Atlantico,8.372,Juan de Acosta
Llano,50,Meta,50.287,Fuente de Oro
Llano,85,Casanare,85.325,San Luis de Gaceno
Pacifico,27,Choco,27.25,El Litoral del San Juan
Centro Oriente,25,Cundinamarca,25.843,Villa de San Diego de Ubate
Caribe,13,Bolivar,13.074,Barranco de Loba
Centro Oriente,15,Boyaca,15.816,Togüi
Caribe,13,Bolivar,13.688,Santa Rosa del Sur
Pacifico,27,Choco,27.135,El Canton del San Pablo
Centro Oriente,15,Boyaca,15.407,Villa de Leyva
Caribe,47,Magdalena,47.692,San Sebastian de Buenavista
Centro Oriente,15,Boyaca,15.537,Paz de Rio
Caribe,13,Bolivar,13.3,Hatillo de Loba
Caribe,47,Magdalena,47.66,Sabanas de San Angel
Llano,95,Guaviare,95.015,Calamar
Caribe,20,Cesar,20.614,Rio de Oro
Eje Cafetero - Antioquia,5,Antioquia,5.665,San Pedro de Uraba
Llano,95,Guaviare,95.001,San Jose del Guaviare
Centro Oriente,15,Boyaca,15.693,Santa Rosa de Viterbo
Pacifico,19,Cauca,19.698,Santander de Quilichao
Llano,95,Guaviare,95.2,Miraflores
Eje Cafetero - Antioquia,5,Antioquia,5.042,Santafe de Antioquia
Llano,50,Meta,50.68,San Carlos de Guaroa
Caribe,8,Atlantico,8.52,Palmar de Varela
Eje Cafetero - Antioquia,5,Antioquia,5.686,Santa Rosa de Osos
Eje Cafetero - Antioquia,5,Antioquia,5.647,San Andres de Cuerquia
Centro Sur,73,Tolima,73.854,Valle de San Juan
Centro Oriente,68,Santander,68.689,San Vicente de Chucuri
Centro Oriente,68,Santander,68.684,San Jose de Miranda
Caribe,88,Archipielago de San Andres - Providencia y Santa Catalina,88.564,Providencia
Eje Cafetero - Antioquia,66,Risaralda,66.682,Santa Rosa de Cabal
Centro Oriente,25,Cundinamarca,25.328,Guayabal de Siquima
Centro Sur,18,Caqueta,18.094,Belen de Los Andaquies
Llano,85,Casanare,85.25,Paz de Ariporo
Centro Oriente,68,Santander,68.72,Santa Helena del Opon
Centro Oriente,15,Boyaca,15.681,San Pablo de Borbur
Caribe,44,La Guajira,44.42,La Jagua del Pilar
Caribe,20,Cesar,20.4,La Jagua de Ibirico
Caribe,70,Sucre,70.742,San Luis de Since
Centro Oriente,15,Boyaca,15.667,San Luis de Gaceno
Caribe,13,Bolivar,13.244,El Carmen de Bolivar
Pacifico,27,Choco,27.245,El Carmen de Atrato
Caribe,70,Sucre,70.702,San Juan de Betulia
Caribe,47,Magdalena,47.545,Pijiño del Carmen
Eje Cafetero - Antioquia,5,Antioquia,5.873,Vigia del Fuerte
Caribe,13,Bolivar,13.667,San Martin de Loba
Caribe,13,Bolivar,13.03,Altos del Rosario
Centro Sur,73,Tolima,73.148,Carmen de Apicala
Centro Oriente,25,Cundinamarca,25.645,San Antonio del Tequendama
Centro Oriente,68,Santander,68.655,Sabana de Torres
Llano,95,Guaviare,95.025,El Retorno
Caribe,23,Cordoba,23.682,San Jose de Ure
Pacifico,52,Nariño,52.694,San Pedro de Cartago
Caribe,8,Atlantico,8.137,Campo de La Cruz
Llano,50,Meta,50.683,San Juan de Arama
Eje Cafetero - Antioquia,5,Antioquia,5.658,San Jose de La Montaña
Centro Sur,18,Caqueta,18.15,Cartagena del Chaira
Pacifico,27,Choco,27.66,San Jose del Palmar
Centro Oriente,25,Cundinamarca,25.001,Agua de Dios
Caribe,13,Bolivar,13.655,San Jacinto del Cauca
Centro Sur,41,Huila,41.668,San Agustin
Pacifico,52,Nariño,52.258,El Tablon de Gomez
Caribe,88,Archipielago de San Andres - Providencia y Santa Catalina,88.001,San Andres
Centro Oriente,15,Boyaca,15.664,San Jose de Pare
Centro Sur,86,Putumayo,86.865,Valle de Guamez
Caribe,13,Bolivar,13.67,San Pablo de Borbur
Caribe,70,Sucre,70.82,Santiago de Tolu
Centro Oriente,11,Bogota D.C.,11.001,Bogota D.C.
Centro Oriente,25,Cundinamarca,25.154,Carmen de Carupa
Caribe,23,Cordoba,23.189,Cienaga de Oro
Eje Cafetero - Antioquia,5,Antioquia,5.659,San Juan de Uraba
Caribe,44,La Guajira,44.65,San Juan del Cesar
Centro Oriente,68,Santander,68.235,El Carmen de Chucuri
Eje Cafetero - Antioquia,5,Antioquia,5.148,El Carmen de Viboral
Eje Cafetero - Antioquia,66,Risaralda,66.088,Belen de Umbria
Pacifico,27,Choco,27.086,Belen de Bajira
Centro Oriente,68,Santander,68.855,Valle de San Jose
Centro Sur,73,Tolima,73.678,San Luis
Centro Oriente,15,Boyaca,15.676,San Miguel de Sema
Centro Sur,73,Tolima,73.675,San Antonio
Centro Oriente,68,Santander,68.673,San Benito
Centro Oriente,25,Cundinamarca,25.862,Vergara
Caribe,23,Cordoba,23.678,San Carlos
Centro Sur,91,Amazonas,91.53,Puerto Alegria
Centro Oriente,68,Santander,68.344,Hato
Caribe,13,Bolivar,13.654,San Jacinto
Pacifico,19,Cauca,19.693,San Sebastian
Eje Cafetero - Antioquia,5,Antioquia,5.649,San Carlos
Centro Oriente,15,Boyaca,15.837,Tuta
Centro Oriente,54,Norte de Santander,54.743,Silos
Centro Oriente,54,Norte de Santander,54.125,Cacota
Pacifico,76,Valle del Cauca,76.25,El Dovio
Centro Oriente,54,Norte de Santander,54.82,Toledo
Pacifico,76,Valle del Cauca,76.622,Roldanillo
Centro Oriente,54,Norte de Santander,54.48,Mutiscua
Pacifico,76,Valle del Cauca,76.054,Argelia
Centro Oriente,54,Norte de Santander,54.261,El Zulia
Centro Oriente,54,Norte de Santander,54.66,Salazar
Pacifico,76,Valle del Cauca,76.736,Sevilla
Pacifico,76,Valle del Cauca,76.895,Zarzal
Centro Oriente,54,Norte de Santander,54.223,Cucutilla
Pacifico,76,Valle del Cauca,76.248,El Cerrito
Pacifico,76,Valle del Cauca,76.147,Cartago
Pacifico,76,Valle del Cauca,76.122,Caicedonia
Centro Oriente,54,Norte de Santander,54.553,Puerto Santander
Centro Oriente,54,Norte de Santander,54.313,Gramalote
Pacifico,76,Valle del Cauca,76.246,El Cairo
Centro Oriente,54,Norte de Santander,54.25,El Tarra
Pacifico,76,Valle del Cauca,76.4,La Union
Pacifico,76,Valle del Cauca,76.606,Restrepo
Centro Oriente,54,Norte de Santander,54.8,Teorama
Pacifico,76,Valle del Cauca,76.233,Dagua
Centro Oriente,54,Norte de Santander,54.051,Arboledas
Pacifico,76,Valle del Cauca,76.318,Guacari
Centro Oriente,54,Norte de Santander,54.418,Lourdes
Pacifico,76,Valle del Cauca,76.041,Ansermanuevo
Centro Oriente,54,Norte de Santander,54.099,Bochalema
Pacifico,76,Valle del Cauca,76.113,Bugalagrande
Centro Oriente,54,Norte de Santander,54.206,Convencion
Centro Oriente,54,Norte de Santander,54.344,Hacari
Pacifico,76,Valle del Cauca,76.403,La Victoria
Centro Oriente,54,Norte de Santander,54.347,Herran
Pacifico,76,Valle del Cauca,76.306,Ginebra
Pacifico,76,Valle del Cauca,76.892,Yumbo
Pacifico,76,Valle del Cauca,76.497,Obando
Centro Oriente,54,Norte de Santander,54.81,Tibu
Centro Oriente,54,Norte de Santander,54.673,San Cayetano
Centro Oriente,54,Norte de Santander,54.67,San Calixto
Pacifico,76,Valle del Cauca,76.1,Bolivar
Centro Oriente,54,Norte de Santander,54.398,La Playa
Pacifico,76,Valle del Cauca,76.001,Cali
Pacifico,76,Valle del Cauca,76.67,San Pedro
Pacifico,76,Valle del Cauca,76.111,Guadalajara de Buga
Centro Oriente,54,Norte de Santander,54.172,Chinacota
Centro Oriente,54,Norte de Santander,54.599,Ragonvalia
Centro Oriente,54,Norte de Santander,54.385,La Esperanza
Centro Oriente,54,Norte de Santander,54.874,Villa del Rosario
Centro Oriente,54,Norte de Santander,54.174,Chitaga
Pacifico,76,Valle del Cauca,76.126,Calima
Centro Oriente,54,Norte de Santander,54.72,Sardinata
Pacifico,76,Valle del Cauca,76.036,Andalucia
Pacifico,76,Valle del Cauca,76.563,Pradera
Centro Oriente,54,Norte de Santander,54.003,Abrego
Centro Oriente,54,Norte de Santander,54.405,Los Patios
Centro Oriente,54,Norte de Santander,54.498,Ocaña
Centro Oriente,54,Norte de Santander,54.109,Bucarasica
Pacifico,76,Valle del Cauca,76.89,Yotoco
Pacifico,76,Valle del Cauca,76.52,Palmira
Pacifico,76,Valle del Cauca,76.616,Riofrio
Centro Oriente,54,Norte de Santander,54.68,Santiago
Pacifico,76,Valle del Cauca,76.02,Alcala
Pacifico,76,Valle del Cauca,76.863,Versalles
Centro Oriente,54,Norte de Santander,54.377,Labateca
Centro Oriente,54,Norte de Santander,54.128,Cachira
Centro Oriente,54,Norte de Santander,54.871,Villa Caro
Centro Oriente,54,Norte de Santander,54.239,Durania
Pacifico,76,Valle del Cauca,76.243,El aguila
Pacifico,76,Valle del Cauca,76.823,Toro
Pacifico,76,Valle del Cauca,76.13,Candelaria
Pacifico,76,Valle del Cauca,76.377,La Cumbre
Pacifico,76,Valle del Cauca,76.845,Ulloa
Pacifico,76,Valle del Cauca,76.828,Trujillo
Pacifico,76,Valle del Cauca,76.869,Vijes
Centro Oriente,68,Santander,68.176,Chima
Caribe,70,Sucre,70.67,Sampues
Llano,85,Casanare,85.225,Nunchia
Centro Oriente,54,Norte de Santander,54.518,Pamplona
Centro Oriente,25,Cundinamarca,25.019,Alban
Caribe,23,Cordoba,23.466,Montelibano
Centro Sur,86,Putumayo,86.568,Puerto Asis
Caribe,70,Sucre,70.215,Corozal
Pacifico,52,Nariño,52.11,Buesaco
Llano,85,Casanare,85.139,Mani
Caribe,13,Bolivar,13.268,El Peñon
Pacifico,76,Valle del Cauca,76.834,Tulua
Centro Sur,73,Tolima,73.152,Casabianca
Centro Oriente,25,Cundinamarca,25.04,Anolaima
Centro Oriente,25,Cundinamarca,25.175,Chia
Pacifico,52,Nariño,52.835,San Andres de Tumaco
Centro Sur,18,Caqueta,18.46,Milan
Centro Oriente,68,Santander,68.147,Capitanejo
Centro Sur,73,Tolima,73.043,Anzoategui
Pacifico,76,Valle del Cauca,76.275,Florida
Caribe,8,Atlantico,8.606,Repelon
Eje Cafetero - Antioquia,5,Antioquia,5.284,Frontino
Centro Oriente,25,Cundinamarca,25.258,El Peñon
Centro Oriente,54,Norte de Santander,54.52,Pamplonita
Centro Sur,91,Amazonas,91.46,Miriti Parana
Llano,85,Casanare,85.4,Tamara
Centro Oriente,15,Boyaca,15.806,Tibasosa
Pacifico,19,Cauca,19.517,Paez
Centro Sur,73,Tolima,73.001,Ibague
Caribe,8,Atlantico,8.573,Puerto Colombia
Pacifico,52,Nariño,52.083,Belen
Centro Oriente,25,Cundinamarca,25.758,Sopo
Pacifico,27,Choco,27.15,Carmen del Darien
Centro Oriente,25,Cundinamarca,25.299,Gama
Centro Oriente,25,Cundinamarca,25.718,Sasaima
Pacifico,52,Nariño,52.24,Chachagüi
Centro Oriente,54,Norte de Santander,54.001,Cucuta
Caribe,13,Bolivar,13.001,Cartagena
Eje Cafetero - Antioquia,5,Antioquia,5.313,Granada
Caribe,47,Magdalena,47.72,Santa Barbara de Pinto
Caribe,13,Bolivar,13.442,Maria la Baja
Centro Sur,18,Caqueta,18.41,La Montañita
Centro Sur,18,Caqueta,18.753,San Vicente del Caguan
Centro Oriente,68,Santander,68.25,El Peñon
Eje Cafetero - Antioquia,5,Antioquia,5.364,Jardin
Pacifico,76,Valle del Cauca,76.364,Jamundi
Pacifico,27,Choco,27.787,Tado
Llano,85,Casanare,85.23,Orocue
Centro Sur,73,Tolima,73.411,Libano
Centro Oriente,25,Cundinamarca,25.885,Yacopi
Eje Cafetero - Antioquia,63,Quindio,63.13,Calarca
Eje Cafetero - Antioquia,5,Antioquia,5.756,Sonson
Centro Oriente,54,Norte de Santander,54.245,El Carmen
Centro Sur,73,Tolima,73.408,Lerida
Caribe,23,Cordoba,23.35,La Apartada
Caribe,13,Bolivar,13.62,San Cristobal
Centro Oriente,25,Cundinamarca,25.29,Fusagasuga
Caribe,13,Bolivar,13.894,Zambrano
Centro Oriente,15,Boyaca,15.403,La Uvita
Centro Oriente,25,Cundinamarca,25.899,Zipaquira
Eje Cafetero - Antioquia,63,Quindio,63.302,Genova
Centro Sur,73,Tolima,73.77,Suarez
Llano,50,Meta,50.15,Castilla la Nueva
Centro Oriente,15,Boyaca,15.087,Belen
Pacifico,27,Choco,27.81,Union Panamericana
Caribe,47,Magdalena,47.57,Pueblo Viejo
Centro Sur,86,Putumayo,86.885,Villagarzon
Centro Oriente,25,Cundinamarca,25.269,Facatativa
Caribe,23,Cordoba,23.58,Puerto Libertador
Eje Cafetero - Antioquia,17,Caldas,17.444,Marquetalia
Pacifico,52,Nariño,52.051,Arboleda
Pacifico,76,Valle del Cauca,76.109,Buenaventura
Caribe,47,Magdalena,47.189,Cienaga
Caribe,8,Atlantico,8.56,Ponedera
